cdvenda;cdempresa;cdcliente;cdcolaborador;dtvenda;dtestorno;dtaltera;cdusuarioaltera;cdenderecoentrega;orcamento;observacao;cdvendasituacao;cdconta;cdindicecorrecao;valorfrete;frete;cdterceiro;cdformapagamento;cdprazopagamento;cdpedidovenda;identificadorexterno;desconto;prazomedio;saldofinal;cdprojeto;identificadorcarregamento;bonificacao;taxavenda;cdlocalarmazenagem;identificador;expedicaovendasituacao;taxapedidovenda;cdmaterialtabelapreco;percentualdesconto;cdclienteindicacao;qtdeparcelas;cdvendaorcamento;observacaointerna;cdclientevalecompra;comodato;cdcontato;valorusadovalecompra;cdpedidovendatipo;origemwebservice;cdfornecedor;percentualrepresentacao;cdprazopagamentorepresentacao;cdformapagamentorepresentacao;cdcontarepresentacao;valorbrutorepresentacao;valordescontorepresentacao;presencacompradornfe;criacaofinalizada;aprovando;valoraproximadoimposto;limitecreditoexcedido;cdcentrocusto;valorfretecif;origemotr;cdenderecofaturamento;vendapendencianaonegociada;quantidadevolumes;sinalizadosemreserva;expedicaosituacao;cdparceiro;entregaecommercerealizada;intermediadornfe;cdintermediador;cdclienteremessa;incideiss;numeropedido;nsu;codigoautorizacao;operacaonfe;valorfretecte;emailautomaticofaturamentoenviadovendarealizada
54551;3;90;18981;01/12/2025;;06:21.7;238;86;;;2;2;;0;1;;2;57;53663;;0;false;;;;false;0;1;2735;;;;;;;;;;false;;;1;;;;;;;0;0;4;true;;;;;0;;;;;false;;;;0;;;;;;;0;;false
54584;3;114;18981;01/12/2025;;06:26.7;238;108;;;2;;;0;1;;70;48;53725;;0;false;;;;false;0;1;2736;;;;;;;;;;false;;;1;;;;;;;0;0;4;true;;;;;0;;;;;false;;;;0;;;;;;;0;;false
54586;3;19541;373;01/12/2025;;11:53.1;373;19142;;;2;;;0;2;;70;49;53727;;0;false;;;;false;0;1;2737;;;;;;;;;;false;;;1;;;;;;;0;0;4;true;;;;;0;;;;;false;;;;0;;;;;;;0;;false
54585;5;3568;373;01/12/2025;;57:50.9;373;3268;;;2;3;;0;2;;2;48;53726;;0;false;;;;false;0;2;860;;;;;;;;;;false;3569;;1;;;;;;;0;0;4;true;;;;;0;;;;;false;;;;0;;;;;;;0;;false
54587;5;5;373;01/12/2025;;24:35.8;373;11419;;;2;3;;0;1;;2;50;53728;;0;false;;;;false;0;2;861;;;;;;;;;;false;;;1;;;;;;;0;0;4;true;;;;;0;;;;;false;;;;0;;;;;;;0;;false
54589;5;59;373;01/12/2025;;12:37.1;373;55;;;2;3;;0;1;;2;68;53730;;0;false;;;;false;0;2;863;;;;;;;;;;false;502;;1;;;;;;;0;0;4;true;;;;;0;;;;;false;;;;0;;;;;;;0;;false
54588;5;6406;373;01/12/2025;;41:46.1;373;6172;;;2;3;;0;1;;2;50;53729;;0;false;;;;false;0;2;862;;;;;;;;;;false;12049;;1;;;;;;;0;0;4;true;;;;;0;;;;;false;;;;0;;;;;;;0;;false
54590;3;112;373;01/12/2025;;47:00.5;373;106;;;2;;;0;2;;70;63;53731;;0;false;;;;false;0;1;2738;;;;;;;;;;false;9574;;1;;;;;;;0;0;4;true;;;;;0;;;;;false;;;;0;;;;;;;0;;false
54591;5;75;373;01/12/2025;;15:23.9;373;71;;;2;3;;0;1;;2;80;53732;;0;false;;;;false;0;2;864;;;;;;;;;;false;571;;1;;;;;;;0;0;4;true;;;;;0;;;;;false;;;;0;;;;;;;0;;false
54592;5;77;373;01/12/2025;;41:01.5;373;73;;"USAR PRAZO DE PAGAMENTO
 60 DIAS"" NAS COMPRAS ATÉ R$: 1.000,00.  ";;;;;;;;;;;;;;;;;;;;;;;;;;;;;;;;;;;;;;;;;;;;;;;;;;;;;;;;;;;;;;;;;
"''53, 60 e 67'' NAS COMPRAS A CIMA DE  R$: 1.000,00.""";2;3;;0;2;;2;80;53733;;0;false;;;;false;0;2;865;;;;;;;;;;false;410;;1;;;;;;;0;0;4;true;;;;;0;;;;;false;;;;0;;;;;;;0;;false;;;;;;;;;;
54617;3;113;18981;02/12/2025;;21:02.6;238;107;;;2;;;0;1;;70;63;53758;;0;false;;;;false;0;1;2739;;;;;;;;;;false;2909;;1;;;;;;;0;0;4;true;;;;;0;;;;;false;;;;0;;;;;;;0;;false
54618;3;111;18981;02/12/2025;;12:59.0;238;105;;;2;;;0;1;;70;63;53765;;0;false;;;;false;0;1;2740;;;;;;;;;;false;1853;;1;;;;;;;0;0;4;true;;;;;0;;;;;false;;;;0;;;;;;;0;;false
54619;3;9112;18981;02/12/2025;;21:56.7;238;;;;2;;;0;1;;70;50;53759;;0;false;;;;false;0;1;2741;;;;;;;;;;false;;;1;;;;;;;0;0;4;true;;;;;0;;;;;false;;;;0;;;;;;;0;;false
54650;3;91;18981;02/12/2025;;11:23.3;238;87;;;2;;;0;1;;70;48;53771;;0;false;;;;false;0;1;2742;;;;;;;;;;false;;;1;;;;;;;0;0;4;true;;;;;0;;;;;false;;;;0;;;;;;;0;;false
54683;5;6307;373;02/12/2025;;44:12.3;373;6073;;ATENÇÃO - DATA DE VENCIMENTO DO BOLETO SEMPRE AS SEXTA-FEIRA;2;3;;0;1;;2;49;53773;;0;false;;;;false;0;2;866;;;;;;;;;;false;;;1;;;;;;;0;0;4;true;;;;;0;;;;;false;;;;0;;;;;;;0;;false
54684;3;62;18981;02/12/2025;;12:05.4;238;58;;;2;;;0;1;;70;54;53774;;0;false;;;;false;0;1;2743;;;;;;;;;;false;;;1;;;;;;;0;0;4;true;;;;;0;;;;;false;;;;0;;;;;;;0;;false
54685;3;125;18981;02/12/2025;;14:39.3;238;119;;;2;;;0;1;;70;55;53770;;0;false;;;;false;0;1;2744;;;;;;;;;;false;;;1;;;;;;;0;0;4;true;;;;;0;;;;;false;;;;0;;;;;;;0;;false
54686;5;7825;373;02/12/2025;;38:55.6;373;7558;;;2;3;;0;2;;2;50;53775;;0;false;;;;false;0;2;867;;;;;;;;;;false;;;1;;;;;;;0;0;4;true;;;;;0;;;;;false;;;;0;;;;;;;0;;false
54687;3;50;18981;02/12/2025;;56:24.7;238;46;;;2;;;0;1;;70;48;53761;;;false;;;;false;0;1;2745;;;;0;;;;;;false;500;;1;;;;;;;0;0;4;true;;;;;0;;;;;false;;;;0;;;;;;;0;;false
54688;3;50;18981;02/12/2025;;59:34.4;238;46;;;2;;;0;1;;70;48;53761;;0;false;;;;false;0;1;2746;;;;;;;;;;false;500;;1;;;;;;;0;0;4;true;;;;;0;;;;;false;;;;0;;;;;;;0;;false
54689;3;51;18981;02/12/2025;;23:30.7;238;47;;;2;;;0;1;;70;54;53764;;;false;;;;false;0;1;2747;;;;0;;;;;;false;;;1;;;;;;;0;0;4;true;;;;;0;;;;;false;;;;0;;;;;;;0;;false
54690;3;51;18981;02/12/2025;;27:17.0;238;47;;;2;;;0;1;;70;54;53764;;;false;;;;false;0;1;2748;;;;0;;;;;;false;;;1;;;;;;;0;0;4;true;;;;;0;;;;;false;;;;0;;;;;;;0;;false
54727;3;99;18981;03/12/2025;;15:27.5;238;93;;;2;;;0;1;;70;54;53792;;0;false;;;;false;0;1;2757;;;;;;;;;;false;;;1;;;;;;;0;0;4;true;;;;;0;;;;;false;;;;0;;;;;;;0;;false
54718;3;136;18981;03/12/2025;;04:28.6;238;130;;;2;2;;0;1;;2;56;53762;;0;false;;;;false;0;1;2750;;;;;;;;;;false;2908;;1;;;;;;;0;0;4;true;;;;;0;;;;;false;;;;0;;;;;;;0;;false
54720;3;136;18981;03/12/2025;;10:27.3;238;130;;;2;2;;0;1;;2;56;53763;;0;false;;;;false;0;1;2751;;;;;;;;;;false;2908;;1;;;;;;;0;0;4;true;;;;;0;;;;;false;;;;0;;;;;;;0;;false
54719;5;24424;373;03/12/2025;;07:43.4;373;24025;;;2;3;;0;2;;2;55;53798;;0;false;;;;false;0;2;869;;;;;;;;;;false;;;1;;;;;;;0;0;4;true;;;;;0;;;;;false;;;;0;;;;;;;0;;false
54721;3;139;18981;03/12/2025;;24:10.4;238;133;;;2;2;;0;1;;2;50;53799;;0;false;;;;false;0;1;2752;;;;;;;;;;false;;;1;;;;;;;0;0;4;true;;;;;0;;;;;false;;;;0;;;;;;;0;;false
54716;5;77;373;03/12/2025;;17:31.3;373;73;;"USAR PRAZO DE PAGAMENTO
 60 DIAS"" NAS COMPRAS ATÉ R$: 1.000,00.  ";;;;;;;;;;;;;;;;;;;;;;;;;;;;;;;;;;;;;;;;;;;;;;;;;;;;;;;;;;;;;;;;;
"''53, 60 e 67'' NAS COMPRAS A CIMA DE  R$: 1.000,00.""";2;3;;0;1;;2;80;53791;;0;false;;;;false;0;2;868;;;;;;;;;;false;410;;1;;;;;;;0;0;4;true;;;;;0;;;;;false;;;;0;;;;;;;0;;false;;;;;;;;;;
54728;3;108;18981;03/12/2025;;19:41.1;238;102;;;2;;;0;1;;70;50;53794;;0;false;;;;false;0;1;2758;;;;;;;;;;false;;;1;;;;;;;0;0;4;true;;;;;0;;;;;false;;;;0;;;;;;;0;;false
54717;3;127;18981;03/12/2025;;00:22.5;238;121;;;2;2;;0;1;;2;49;53797;;0;false;;;;false;0;1;2749;;;;;;;;;;false;;;1;;;;;;;0;0;4;true;;;;;0;;;;;false;;;;0;;;;;;;0;;false
54722;3;64;18981;03/12/2025;;06:37.0;238;60;;;2;2;;0;1;;2;54;53795;;0;false;;;;false;0;1;2753;;;;;;;;;;false;2875;;1;;;;;;;0;0;4;true;;;;;0;;;;;false;;;;0;;;;;;;0;;false
54724;3;117;18981;03/12/2025;;07:06.9;238;111;;;2;2;;0;1;;2;58;53766;;0;false;;;;false;0;1;2754;;;;;;;;;;false;;;1;;;;;;;0;0;4;true;;;;;0;;;;;false;;;;0;;;;;;;0;;false
54723;5;131;373;03/12/2025;;58:47.9;373;125;;;2;;;0;2;;70;69;53801;;0;false;;;;false;0;2;870;;;;;;;;;;false;17362;;1;;;;;;;0;0;4;true;;;;;0;;;;;false;;;;0;;;;;;;0;;false
54729;5;77;373;03/12/2025;;58:34.2;373;73;;"USAR PRAZO DE PAGAMENTO
 60 DIAS"" NAS COMPRAS ATÉ R$: 1.000,00.  ";;;;;;;;;;;;;;;;;;;;;;;;;;;;;;;;;;;;;;;;;;;;;;;;;;;;;;;;;;;;;;;;;
"''53, 60 e 67'' NAS COMPRAS A CIMA DE  R$: 1.000,00.""";2;3;;0;1;;2;80;53802;;0;false;;;;false;0;2;871;;;;;;;;;;false;410;;1;;;;;;;0;0;4;true;;;;;0;;;;;false;;;;0;;;;;;;0;;false;;;;;;;;;;
54725;3;98;18981;03/12/2025;;08:28.0;238;92;;;2;;;0;1;;70;54;53793;;;false;;;;false;0;1;2755;;;;0;;;;;;false;;;1;;;;;;;0;0;4;true;;;;;0;;;;;false;;;;0;;;;;;;0;;false
54726;3;98;18981;03/12/2025;;12:29.4;238;92;;;2;;;0;1;;70;54;53793;;;false;;;;false;0;1;2756;;;;0;;;;;;false;;;1;;;;;;;0;0;4;true;;;;;0;;;;;false;;;;0;;;;;;;0;;false
54730;5;2116;373;03/12/2025;;19:44.9;373;;;;2;3;;0;1;;2;49;53800;;0;false;;;;false;0;2;872;;;;;;;;;;false;2117;;1;;;;;;;0;0;4;true;;;;;0;;;;;false;;;;0;;;;;;;0;;false
54750;3;98;18981;04/12/2025;;29:46.4;238;92;;;2;;;0;1;;70;54;53793;;0;false;;;;false;0;1;2760;;;;;;;;;;false;;;1;;;;;;;0;0;4;true;;;;;0;;;;;false;;;;0;;;;;;;0;;false
54817;3;62;18981;04/12/2025;;24:05.2;238;58;;;2;;;0;1;;70;54;53857;;0;false;;;;false;0;1;2764;;;;;;;;;;false;;;1;;;;;;;0;0;4;true;;;;;0;;;;;false;;;;0;;;;;;;0;;false
54782;3;67;18981;04/12/2025;;33:04.8;238;63;;;2;2;;0;1;;2;49;53824;;0;false;;;;false;0;1;2761;;;;;;;;;;false;;;1;;;;;;;0;0;4;true;;;;;0;;;;;false;;;;0;;;;;;;0;;false
54749;3;98;18981;04/12/2025;;27:08.9;238;92;;;2;;;0;1;;70;54;53793;;;false;;;;false;0;1;2759;;;;0;;;;;;false;;;1;;;;;;;0;0;4;true;;;;;0;;;;;false;;;;0;;;;;;;0;;false
54815;3;11290;18981;04/12/2025;;30:13.9;238;11023;;;2;2;;0;1;;2;49;53768;;0;false;;;;false;0;1;2762;;;;;;;;;;false;;;1;;;;;;;0;0;4;true;;;;;0;;;;;false;;;;0;;;;;;;0;;false
54818;3;125;18981;04/12/2025;;58:10.9;238;119;;;2;;;0;1;;70;55;53796;;0;false;;;;false;0;1;2765;;;;;;;;;;false;;;1;;;;;;;0;0;4;true;;;;;0;;;;;false;;;;0;;;;;;;0;;false
54816;3;132;18981;04/12/2025;;31:18.2;238;126;;;2;2;;0;1;;2;49;53767;;0;false;;;;false;0;1;2763;;;;;;;;;;false;;;1;;;;;;;0;0;4;true;;;;;0;;;;;false;;;;0;;;;;;;0;;false
54820;3;83;18981;04/12/2025;;31:00.0;238;79;;;2;2;;0;1;;2;49;53859;;0;false;;;;false;0;1;2767;;;;;;;;;;false;;;1;;;;;;;0;0;4;true;;;;;0;;;;;false;;;;0;;;;;;;0;;false
54819;3;125;18981;04/12/2025;;02:13.9;238;119;;;2;;;0;1;;70;55;53858;;0;false;;;;false;0;1;2766;;;;;;;;;;false;;;1;;;;;;;0;0;4;true;;;;;0;;;;;false;;;;0;;;;;;;0;;false
54821;3;83;18981;04/12/2025;;33:50.2;238;79;;;2;2;;0;1;;2;49;53860;;0;false;;;;false;0;1;2768;;;;;;;;;;false;;;1;;;;;;;0;0;4;true;;;;;0;;;;;false;;;;0;;;;;;;0;;false
54849;3;57;18981;05/12/2025;;31:56.0;238;53;;;2;;;0;1;;70;50;53830;;0;false;;;;false;0;1;2770;;;;;;;;;;false;;;1;;;;;;;0;0;4;true;;;;;0;;;;;false;;;;0;;;;;;;0;;false
54848;3;57;18981;05/12/2025;;11:36.4;238;53;;;2;;;0;1;;70;50;53829;;0;false;;;;false;0;1;2769;;;;;;;;;;false;;;1;;;;;;;0;0;4;true;;;;;0;;;;;false;;;;0;;;;;;;0;;false
54850;5;59;373;05/12/2025;;35:22.4;373;55;;;2;3;;0;1;;2;68;53890;;0;false;;;;false;0;2;873;;;;;;;;;;false;502;;1;;;;;;;0;0;4;true;;;;;0;;;;;false;;;;0;;;;;;;0;;false
54851;3;80;18981;05/12/2025;;58:12.4;238;76;;;2;2;;0;1;;2;81;53825;;0;false;;;;false;0;1;2771;;;;;;;;;;false;862;;1;;;;;;;0;0;4;true;;;;;0;;;;;false;;;;0;;;;;;;0;;false
54852;3;122;18981;05/12/2025;;48:04.4;238;116;;;2;;;0;1;;70;55;53831;;;false;;;;false;0;1;2772;;;;0;;;;;;false;;;1;;;;;;;0;0;4;true;;;;;0;;;;;false;;;;0;;;;;;;0;;false
54853;3;122;18981;05/12/2025;;52:26.1;238;116;;;2;;;0;1;;70;55;53831;;0;false;;;;false;0;1;2773;;;;;;;;;;false;;;1;;;;;;;0;0;4;true;;;;;0;;;;;false;;;;0;;;;;;;0;;false
54854;5;18385;373;05/12/2025;;13:44.5;373;17986;;;2;3;;0;2;;2;48;53895;;0;false;;;;false;0;2;874;;;;;;;;;;false;;;1;;;;;;;0;0;4;true;;;;;0;;;;;false;;;;0;;;;;;;0;;false
54855;3;135;18981;05/12/2025;;50:01.0;238;129;;;2;;;0;1;;70;49;53894;;0;false;;;;false;0;1;2774;;;;;;;;;;false;;;1;;;;;;;0;0;4;true;;;;;0;;;;;false;;;;0;;;;;;;0;;false
54856;5;131;373;05/12/2025;;03:15.5;373;125;;;2;;;0;2;;70;69;53896;;0;false;;;;false;0;2;875;;;;;;;;;;false;17362;;1;;;;;;;0;0;4;true;;;;;0;;;;;false;;;;0;;;;;;;0;;false
54857;3;111;18981;05/12/2025;;16:00.5;238;105;;;2;;;0;1;;70;63;53893;;0;false;;;;false;0;1;2775;;;;;;;;;;false;1853;;1;;;;;;;0;0;4;true;;;;;0;;;;;false;;;;0;;;;;;;0;;false
54858;3;90;18981;05/12/2025;;29:39.3;238;86;;;5;2;;0;1;;2;57;53891;;;false;;;;false;0;1;2776;;;;0;;;;;;false;;;1;;;;;;;0;0;4;true;;;;;0;;;;;false;;;;0;;;;;;;0;;false
54859;3;51;18981;05/12/2025;;45:39.5;238;47;;;2;;;0;1;;70;54;53764;;;false;;;;false;0;1;2777;;;;0;;;;;;false;;;1;;;;;;;0;0;4;true;;;;;0;;;;;false;;;;0;;;;;;;0;;false
54881;3;63;18981;06/12/2025;;00:45.5;238;59;;;2;;;0;1;;70;48;53892;;0;false;;;;false;0;1;2778;;;;;;;;;;false;506;;1;;;;;;;0;0;4;true;;;;;0;;;;;false;;;;0;;;;;;;0;;false
54914;3;114;18981;08/12/2025;;55:04.1;238;108;;;2;;;0;1;;70;48;53927;;0;false;;;;false;0;1;2779;;;;;;;;;;false;;;1;;;;;;;0;0;4;true;;;;;0;;;;;false;;;;0;;;;;;;0;;false
54953;3;55;18981;08/12/2025;;25:36.0;238;51;;;2;;;0;1;;70;50;53924;;;false;;;;false;0;1;2784;;;;0;;;;;;false;;;1;;;;;;;0;0;4;true;;;;;0;;;;;false;;;;0;;;;;;;0;;false
54947;5;6307;373;08/12/2025;;08:54.4;373;6073;;ATENÇÃO - DATA DE VENCIMENTO DO BOLETO SEMPRE AS SEXTA-FEIRA;2;3;;0;2;;2;49;53928;;0;false;;;;false;0;2;876;;;;;;;;;;false;;;1;;;;;;;0;0;4;true;;;;;0;;;;;false;;;;0;;;;;;;0;;false
54954;3;55;18981;08/12/2025;;27:47.2;238;51;;;2;;;0;1;;70;50;53924;;0;false;;;;false;0;1;2785;;;;;;;;;;false;;;1;;;;;;;0;0;4;true;;;;;0;;;;;false;;;;0;;;;;;;0;;false
54955;3;41;373;08/12/2025;;36:13.4;373;38;;;2;2;;0;2;;2;70;53932;;0;false;;;;false;0;1;2786;;;;;;;;;;false;466;;1;;;;;;;0;0;4;true;;;;;0;;;;;false;;;;0;;;;;;;0;;false
54948;5;77;373;08/12/2025;;32:36.2;373;73;;"USAR PRAZO DE PAGAMENTO
 60 DIAS"" NAS COMPRAS ATÉ R$: 1.000,00.  ";;;;;;;;;;;;;;;;;;;;;;;;;;;;;;;;;;;;;;;;;;;;;;;;;;;;;;;;;;;;;;;;;
"''53, 60 e 67'' NAS COMPRAS A CIMA DE  R$: 1.000,00.""";2;3;;0;1;;2;80;53929;;0;false;;;;false;0;2;877;;;;;;;;;;false;410;;1;;;;;;;0;0;4;true;;;;;0;;;;;false;;;;0;;;;;;;0;;false;;;;;;;;;;
54949;3;135;18981;08/12/2025;;45:07.6;238;129;;;2;;;0;1;;70;49;53930;;0;false;;;;false;0;1;2780;;;;;;;;;;false;;;1;;;;;;;0;0;4;true;;;;;0;;;;;false;;;;0;;;;;;;0;;false
54950;3;127;18981;08/12/2025;;26:05.1;238;121;;;2;2;;0;1;;2;49;53926;;0;false;;;;false;0;1;2781;;;;;;;;;;false;;;1;;;;;;;0;0;4;true;;;;;0;;;;;false;;;;0;;;;;;;0;;false
54951;3;118;18981;08/12/2025;;28:59.6;238;112;;;2;;;0;1;;70;377;53931;;0;false;;;;false;0;1;2782;;;;;;;;;;false;;;1;;;;;;;0;0;4;true;;;;;0;;;;;false;;;;0;;;;;;;0;;false
54952;3;121;373;08/12/2025;;57:01.0;373;115;;;2;;;0;1;;70;50;53769;;0;false;;;;false;0;1;2783;;;;;;;;;;false;2714;;1;;;;;;;0;0;4;true;;;;;0;;;;;false;;;;0;;;;;;;0;;false
54980;3;111;18981;09/12/2025;;43:48.8;238;105;;;2;;;0;1;;70;63;53961;;0;false;;;;false;0;1;2787;;;;;;;;;;false;1853;;1;;;;;;;0;0;4;true;;;;;0;;;;;false;;;;0;;;;;;;0;;false
55014;3;62;18981;09/12/2025;;19:59.6;238;58;;;2;;;0;1;;70;54;53963;;0;false;;;;false;0;1;2790;;;;;;;;;;false;;;1;;;;;;;0;0;4;true;;;;;0;;;;;false;;;;0;;;;;;;0;;false
54981;3;72;18981;09/12/2025;;07:38.7;238;68;;;2;;;0;1;;70;50;53960;;0;false;;;;false;0;1;2788;;;;;;;;;;false;18718;;1;;;;;;;0;0;4;true;;;;;0;;;;;false;;;;0;;;;;;;0;;false
55015;3;73;18981;09/12/2025;;42:18.2;238;69;;;2;;;0;1;;70;49;53594;;0;false;;;;false;0;1;2791;;;;;;;;;;false;;;1;;;;;;;0;0;4;true;;;;;0;;;;;false;;;;0;;;;;;;0;;false
55016;3;73;18981;09/12/2025;;44:10.5;238;69;;;2;;;0;1;;70;49;53595;;0;false;;;;false;0;1;2792;;;;;;;;;;false;;;1;;;;;;;0;0;4;true;;;;;0;;;;;false;;;;0;;;;;;;0;;false
54982;5;131;373;09/12/2025;;33:00.5;373;125;;;2;;;0;2;;70;69;53962;;0;false;;;;false;0;2;878;;;;;;;;;;false;17362;;1;;;;;;;0;0;4;true;;;;;0;;;;;false;;;;0;;;;;;;0;;false
55013;3;62;18981;09/12/2025;;31:54.6;238;58;;;2;;;0;1;;70;54;53958;;0;false;;;;false;0;1;2789;;;;;;;;;;false;;;1;;;;;;;0;0;4;true;;;;;0;;;;;false;;;;0;;;;;;;0;;false
55046;3;51;18981;10/12/2025;;30:41.0;238;47;;;2;;;0;1;;70;54;53772;;0;false;;;;false;0;1;2793;;;;;;;;;;false;;;1;;;;;;;0;0;4;true;;;;;0;;;;;false;;;;0;;;;;;;0;;false
55116;3;98;18981;10/12/2025;;25:57.1;238;92;;;2;;;0;1;;70;54;53992;;;false;;;;false;0;1;2801;;;;0;;;;;;false;;;1;;;;;;;0;0;4;true;;;;;0;;;;;false;;;;0;;;;;;;0;;false
55047;3;51;18981;10/12/2025;;33:36.6;238;47;;;2;;;0;1;;70;54;53957;;0;false;;;;false;0;1;2794;;;;;;;;;;false;;;1;;;;;;;0;0;4;true;;;;;0;;;;;false;;;;0;;;;;;;0;;false
55079;3;51;18981;10/12/2025;;12:21.6;238;47;;;2;;;0;1;;70;54;53956;;;false;;;;false;0;1;2795;;;;0;;;;;;false;;;1;;;;;;;0;0;4;true;;;;;0;;;;;false;;;;0;;;;;;;0;;false
55082;3;51;18981;10/12/2025;;10:25.2;238;47;;;2;;;0;1;;70;54;53956;;;false;;;;false;0;1;2797;;;;0;;;;;;false;;;1;;;;;;;0;0;4;true;;;;;0;;;;;false;;;;0;;;;;;;0;;false
55112;3;91;18981;10/12/2025;;21:46.2;238;87;;;2;;;0;1;;70;48;53989;;0;false;;;;false;0;1;2798;;;;;;;;;;false;;;1;;;;;;;0;0;4;true;;;;;0;;;;;false;;;;0;;;;;;;0;;false
55115;3;99;18981;10/12/2025;;22:53.0;238;93;;;2;;;0;1;;70;54;53991;;0;false;;;;false;0;1;2800;;;;;;;;;;false;;;1;;;;;;;0;0;4;true;;;;;0;;;;;false;;;;0;;;;;;;0;;false
55117;3;98;18981;10/12/2025;;30:45.7;238;92;;;2;;;0;1;;70;54;53992;;0;false;;;;false;0;1;2802;;;;;;;;;;false;;;1;;;;;;;0;0;4;true;;;;;0;;;;;false;;;;0;;;;;;;0;;false
55080;3;51;18981;10/12/2025;;16:07.8;238;47;;;2;;;0;1;;70;54;53956;;;false;;;;false;0;1;2796;;;;0;;;;;;false;;;1;;;;;;;0;0;4;true;;;;;0;;;;;false;;;;0;;;;;;;0;;false
55113;3;91;18981;10/12/2025;;33:21.3;238;87;;;2;;;0;1;;70;48;53771;;0;false;;;;false;0;1;2799;;;;;;;;;;false;;;1;;;;;;;0;0;4;true;;;;;0;;;;;false;;;;0;;;;;;;0;;false
55081;5;61;373;10/12/2025;;32:13.2;373;57;;;2;;;0;2;;70;50;53964;;0;false;;;;false;0;2;879;;;;;;;;;;false;503;;1;;;;;;;0;0;4;true;;;;;0;;;;;false;;;;0;;;;;;;0;;false
55114;5;131;373;10/12/2025;;22:06.8;373;125;;;2;;;0;2;;70;69;54022;;0;false;;;;false;0;2;880;;;;;;;;;;false;17362;;1;;;;;;;0;0;4;true;;;;;0;;;;;false;;;;0;;;;;;;0;;false
55118;3;108;18981;10/12/2025;;55:06.5;238;102;;;2;;;0;1;;70;50;53993;;0;false;;;;false;0;1;2803;;;;;;;;;;false;;;1;;;;;;;0;0;4;true;;;;;0;;;;;false;;;;0;;;;;;;0;;false
55145;3;105;18981;11/12/2025;;05:36.1;238;99;;;2;2;;0;1;;2;55;53990;;0;false;;;;false;0;1;2804;;;;;;;;;;false;2713;;1;;;;;;;0;0;4;true;;;;;0;;;;;false;;;;0;;;;;;;0;;false
55148;3;62;18981;11/12/2025;;12:50.0;238;58;;;2;;;0;1;;70;54;54056;;0;false;;;;false;0;1;2805;;;;;;;;;;false;;;1;;;;;;;0;0;4;true;;;;;0;;;;;false;;;;0;;;;;;;0;;false
55149;3;56;18981;11/12/2025;;49:25.1;238;52;;;2;;;0;1;;70;50;54055;;0;false;;;;false;0;1;2806;;;;;;;;;;false;;;1;;;;;;;0;0;4;true;;;;;0;;;;;false;;;;0;;;;;;;0;;false
55146;5;76;373;11/12/2025;;37:11.1;373;72;;;2;3;;0;1;;2;80;54088;;0;false;;;;false;0;2;881;;;;;;;;;;false;2644;;1;;;;;;;0;0;4;true;;;;;0;;;;;false;;;;0;;;;;;;0;;false
55147;5;77;373;11/12/2025;;56:17.4;373;73;;"USAR PRAZO DE PAGAMENTO
 60 DIAS"" NAS COMPRAS ATÉ R$: 1.000,00.  ";;;;;;;;;;;;;;;;;;;;;;;;;;;;;;;;;;;;;;;;;;;;;;;;;;;;;;;;;;;;;;;;;
"''53, 60 e 67'' NAS COMPRAS A CIMA DE  R$: 1.000,00.""";2;3;;0;1;;2;80;54089;;0;false;;;;false;0;2;882;;;;;;;;;;false;410;;1;;;;;;;0;0;4;true;;;;;0;;;;;false;;;;0;;;;;;;0;;false;;;;;;;;;;
55150;5;131;373;11/12/2025;;54:11.4;373;125;;;2;;;0;2;;70;69;54090;;0;false;;;;false;0;2;883;;;;;;;;;;false;17362;;1;;;;;;;0;0;4;true;;;;;0;;;;;false;;;;0;;;;;;;0;;false
55211;3;51;18981;12/12/2025;;32:13.0;238;47;;;2;;;0;1;;70;54;54091;;0;false;;;;false;0;1;2809;;;;;;;;;;false;;;1;;;;;;;0;0;4;true;;;;;0;;;;;false;;;;0;;;;;;;0;;false
55178;3;125;18981;12/12/2025;;11:49.6;238;119;;;2;;;0;1;;70;55;54057;;0;false;;;;false;0;1;2807;;;;;;;;;;false;;;1;;;;;;;0;0;4;true;;;;;0;;;;;false;;;;0;;;;;;;0;;false
55179;3;125;18981;12/12/2025;;14:57.0;238;119;;;2;;;0;1;;70;55;54058;;0;false;;;;false;0;1;2808;;;;;;;;;;false;;;1;;;;;;;0;0;4;true;;;;;0;;;;;false;;;;0;;;;;;;0;;false
55277;3;136;18981;15/12/2025;;06:42.8;238;130;;;2;2;;0;1;;2;56;54154;;0;false;;;;false;0;1;2811;;;;;;;;;;false;2908;;1;;;;;;;0;0;4;true;;;;;0;;;;;false;;;;0;;;;;;;0;;false
55244;3;104;18981;15/12/2025;;45:05.2;238;98;;;2;;;0;1;;70;54;54156;;0;false;;;;false;0;1;2810;;;;;;;;;;false;2712;;1;;;;;;;0;0;4;true;;;;;0;;;;;false;;;;0;;;;;;;0;;false
55310;5;88;373;15/12/2025;;07:27.4;373;84;;;2;3;;0;2;;2;50;54160;;0;false;;;;false;0;2;884;;;;;;;;;;false;;;1;;;;;;;0;0;4;true;;;;;0;;;;;false;;;;0;;;;;;;0;;false
55313;3;44;18981;15/12/2025;;34:20.6;238;2971;;;2;2;;0;1;;2;49;54121;;0;false;;;;false;0;1;2814;;;;;;;;;;false;;;1;;;;;;;0;0;4;true;;;;;0;;40;;;false;;;;0;;;;;;;0;;false
55311;3;113;18981;15/12/2025;;28:50.6;238;107;;;2;;;0;1;;70;63;54155;;0;false;;;;false;0;1;2812;;;;;;;;;;false;2909;;1;;;;;;;0;0;4;true;;;;;0;;;;;false;;;;0;;;;;;;0;;false
55314;3;112;373;15/12/2025;;02:37.4;373;106;;;2;;;0;2;;70;63;54187;;0;false;;;;false;0;1;2815;;;;;;;;;;false;9574;;1;;;;;;;0;0;4;true;;;;;0;;;;;false;;;;0;;;;;;;0;;false
55316;3;73;18981;15/12/2025;;30:15.3;238;69;;;2;;;0;1;;70;49;53827;;0;false;;;;false;0;1;2817;;;;;;;;;;false;;;1;;;;;;;0;0;4;true;;;;;0;;;;;false;;;;0;;;;;;;0;;false
55312;3;63;18981;15/12/2025;;28:07.1;238;59;;;2;;;0;1;;70;48;53892;;0;false;;;;false;0;1;2813;;;;;;;;;;false;506;;1;;;;;;;0;0;4;true;;;;;0;;;;;false;;;;0;;;;;;;0;;false
55315;3;73;18981;15/12/2025;;26:20.4;238;69;;;2;;;0;1;;70;49;53826;;0;false;;;;false;0;1;2816;;;;;;;;;;false;;;1;;;;;;;0;0;4;true;;;;;0;;;;;false;;;;0;;;;;;;0;;false
55317;3;73;18981;15/12/2025;;32:48.9;238;69;;;2;;;0;1;;70;49;53828;;0;false;;;;false;0;1;2818;;;;;;;;;;false;;;1;;;;;;;0;0;4;true;;;;;0;;;;;false;;;;0;;;;;;;0;;false
55343;3;127;18981;16/12/2025;;32:44.0;238;121;;;2;2;;0;1;;2;49;54158;;0;false;;;;false;0;1;2819;;;;;;;;;;false;;;1;;;;;;;0;0;4;true;;;;;0;;;;;false;;;;0;;;;;;;0;;false
55376;3;62;18981;16/12/2025;;49:32.9;238;58;;;2;;;0;1;;70;54;54220;;0;false;;;;false;0;1;2821;;;;;;;;;;false;;;1;;;;;;;0;0;4;true;;;;;0;;;;;false;;;;0;;;;;;;0;;false
55344;3;64;18981;16/12/2025;;37:53.4;238;60;;;2;2;;0;1;;2;54;54159;;0;false;;;;false;0;1;2820;;;;;;;;;;false;2875;;1;;;;;;;0;0;4;true;;;;;0;;;;;false;;;;0;;;;;;;0;;false
55409;3;50;18981;16/12/2025;;42:36.6;238;46;;;2;;;0;1;;70;48;54223;;0;false;;;;false;0;1;2823;;;;;;;;;;false;500;;1;;;;;;;0;0;4;true;;;;;0;;;;;false;;;;0;;;;;;;0;;false
55410;3;51;18981;16/12/2025;;33:44.9;238;47;;;2;;;0;1;;70;54;54221;;;false;;;;false;0;1;2824;;;;0;;;;;;false;;;1;;;;;;;0;0;4;true;;;;;0;;;;;false;;;;0;;;;;;;0;;false
55411;3;51;18981;16/12/2025;;42:46.0;238;47;;;2;;;0;1;;70;54;54221;;0;false;;;;false;0;1;2825;;;;;;;;;;false;;;1;;;;;;;0;0;4;true;;;;;0;;;;;false;;;;0;;;;;;;0;;false
55345;5;77;373;16/12/2025;;49:50.1;373;73;;"USAR PRAZO DE PAGAMENTO
 60 DIAS"" NAS COMPRAS ATÉ R$: 1.000,00.  ";;;;;;;;;;;;;;;;;;;;;;;;;;;;;;;;;;;;;;;;;;;;;;;;;;;;;;;;;;;;;;;;;
"''53, 60 e 67'' NAS COMPRAS A CIMA DE  R$: 1.000,00.""";2;3;;0;1;;2;54;54224;;0;false;;;;false;0;2;885;;;;;;;;;;false;410;;1;;;;;;;0;0;4;true;;;;;0;;;;;false;;;;0;;;;;;;0;;false;;;;;;;;;;
55377;3;111;18981;16/12/2025;;27:00.3;238;105;;;2;;;0;1;;70;63;54222;;0;false;;;;false;0;1;2822;;;;;;;;;;false;1853;;1;;;;;;;0;0;4;true;;;;;0;;;;;false;;;;0;;;;;;;0;;false
55442;3;98;18981;17/12/2025;;51:08.2;238;92;;;2;;;0;1;;70;54;54253;;0;false;;;;false;0;1;2826;;;;;;;;;;false;;;1;;;;;;;0;0;4;true;;;;;0;;;;;false;;;;0;;;;;;;0;;false
55443;3;91;18981;17/12/2025;;54:23.2;238;87;;;2;;;0;1;;70;48;53771;;0;false;;;;false;0;1;2827;;;;;;;;;;false;;;1;;;;;;;0;0;4;true;;;;;0;;;;;false;;;;0;;;;;;;0;;false
55444;3;112;373;17/12/2025;;39:08.0;373;106;;;2;;;0;2;;70;63;54254;;0;false;;;;false;0;1;2828;;;;;;;;;;false;9574;;1;;;;;;;0;0;4;true;;;;;0;;;;;false;;;;0;;;;;;;0;;false
55445;5;131;373;17/12/2025;;16:17.2;373;125;;;2;;;0;2;;70;69;54255;;0;false;;;;false;0;2;886;;;;;;;;;;false;17362;;1;;;;;;;0;0;4;true;;;;;0;;;;;false;;;;0;;;;;;;0;;false
55475;3;16735;18981;17/12/2025;;25:06.0;238;16402;;;2;2;;0;1;;2;49;54157;;0;false;;;;false;0;1;2829;;;;;;;;;;false;;;1;;;;;;;0;0;4;true;;;;;0;;;;;false;;;;0;;;;;;;0;;false
55511;3;125;18981;18/12/2025;;16:15.6;238;119;;;2;;;0;1;;70;55;54321;;0;false;;;;false;0;1;2832;;;;;;;;;;false;;;1;;;;;;;0;0;4;true;;;;;0;;;;;false;;;;0;;;;;;;0;;false
55512;3;48;18981;18/12/2025;;34:40.5;238;44;;;2;;;0;1;;70;69;54122;;0;false;;;;false;0;1;2833;;;;;;;;;;false;;;1;;;;;;;0;0;4;true;;;;;0;;;;;false;;;;0;;;;;;;0;;false
55508;5;131;373;18/12/2025;;55:06.7;373;125;;;2;;;0;2;;70;69;54319;;0;false;;;;false;0;2;887;;;;;;;;;;false;17362;;1;;;;;;;0;0;4;true;;;;;0;;;;;false;;;;0;;;;;;;0;;false
55509;3;13008;18981;18/12/2025;;11:31.5;238;;;;2;2;;0;1;;2;50;53925;;0;false;;;;false;0;1;2830;;;;;;;;;;false;;;1;;;;;;;0;0;4;true;;;;;0;;;;;false;;;;0;;;;;;;0;;false
55510;3;62;18981;18/12/2025;;59:44.4;238;58;;;2;;;0;1;;70;54;54286;;0;false;;;;false;0;1;2831;;;;;;;;;;false;;;1;;;;;;;0;0;4;true;;;;;0;;;;;false;;;;0;;;;;;;0;;false
55513;3;128;18981;18/12/2025;;42:17.1;238;122;;;2;2;;0;1;;2;49;53959;;0;false;;;;false;0;1;2834;;;;;;;;;;false;;;1;;;;;;;0;0;4;true;;;;;0;;;;;false;;;;0;;;;;;;0;;false
55576;3;125;18981;19/12/2025;;38:36.7;238;119;;;2;;;0;1;;70;55;54320;;0;false;;;;false;0;1;2840;;;;;;;;;;false;;;1;;;;;;;0;0;4;true;;;;;0;;;;;false;;;;0;;;;;;;0;;false
55543;3;67;18981;19/12/2025;;52:00.0;238;63;;;2;2;;0;1;;2;49;54352;;0;false;;;;false;0;1;2837;;;;;;;;;;false;;;1;;;;;;;0;0;4;true;;;;;0;;;;;false;;;;0;;;;;;;0;;false
55541;3;122;18981;19/12/2025;;15:12.5;238;116;;;2;;;0;1;;70;55;54287;;;false;;;;false;0;1;2835;;;;0;;;;;;false;;;1;;;;;;;0;0;4;true;;;;;0;;;;;false;;;;0;;;;;;;0;;false
55574;3;90;18981;19/12/2025;;10:02.6;238;86;;;2;2;;0;1;;2;57;54353;;0;false;;;;false;0;1;2838;;;;;;;;;;false;;;1;;;;;;;0;0;4;true;;;;;0;;;;;false;;;;0;;;;;;;0;;false
55542;3;122;18981;19/12/2025;;19:40.9;238;116;;;2;;;0;1;;70;55;54287;;0;false;;;;false;0;1;2836;;;;;;;;;;false;;;1;;;;;;;0;0;4;true;;;;;0;;;;;false;;;;0;;;;;;;0;;false
55578;3;73;18981;19/12/2025;;33:38.3;238;69;;;2;;;0;1;;70;49;54059;;0;false;;;;false;0;1;2842;;;;;;;;;;false;;;1;;;;;;;0;0;4;true;;;;;0;;;;;false;;;;0;;;;;;;0;;false
55575;3;63;18981;19/12/2025;;25:24.5;238;59;;;2;;;0;1;;70;48;54355;;0;false;;;;false;0;1;2839;;;;;;;;;;false;506;;1;;;;;;;0;0;4;true;;;;;0;;;;;false;;;;0;;;;;;;0;;false
55577;3;10304;18981;19/12/2025;;06:25.3;238;;;;2;;;0;1;;70;48;54354;;0;false;;;;false;0;1;2841;;;;;;;;;;false;10305;;1;;;;;;;0;0;4;true;;;;;0;;;;;false;;;;0;;;;;;;0;;false
55607;3;62;18981;22/12/2025;;06:41.3;238;58;;;2;;;0;1;;70;54;54385;;0;false;;;;false;0;1;2843;;;;;;;;;;false;;;1;;;;;;;0;0;4;true;;;;;0;;;;;false;;;;0;;;;;;;0;;false
55673;3;51;18981;23/12/2025;;23:24.2;238;47;;;2;;;0;1;;70;54;54418;;;false;;;;false;0;1;2845;;;;0;;;;;;false;;;1;;;;;;;0;0;4;true;;;;;0;;;;;false;;;;0;;;;;;;0;;false
55640;3;63;18981;23/12/2025;;37:32.2;238;59;;;2;;;0;1;;70;48;54355;;0;false;;;;false;0;1;2844;;;;;;;;;;false;506;;1;;;;;;;0;0;4;true;;;;;0;;;;;false;;;;0;;;;;;;0;;false
55674;3;51;18981;23/12/2025;;25:32.0;238;47;;;2;;;0;1;;70;54;54418;;0;false;;;;false;0;1;2846;;;;;;;;;;false;;;1;;;;;;;0;0;4;true;;;;;0;;;;;false;;;;0;;;;;;;0;;false
55706;3;67;18981;05/01/2026;;46:10.5;238;63;;;2;2;;0;1;;2;49;54452;;0;false;;;;false;0;1;2847;;;;;;;;;;false;;;1;;;;;;;0;0;4;true;;;;;0;;;;;false;;;;0;;;;;;;0;;false
55708;5;15448;373;05/01/2026;;56:27.4;373;15115;;;2;3;;0;2;;2;54;54461;;0;false;;;;false;0;2;888;;;;;;;;;;false;;;1;;;;;;;0;0;4;true;;;;;0;;;;;false;;;;0;;;;;;;0;;false
55707;3;1027;18981;05/01/2026;;55:16.5;238;;;;2;;;0;1;;70;48;54451;;0;false;;;;false;0;1;2848;;;;;;;;;;false;;;1;;;;;;;0;0;4;true;;;;;0;;;;;false;;;;0;;;;;;;0;;false
55709;3;55;18981;05/01/2026;;17:21.5;238;51;;;2;;;0;1;;70;50;54453;;0;false;;;;false;0;1;2849;;;;;;;;;;false;;;1;;;;;;;0;0;4;true;;;;;0;;;;;false;;;;0;;;;;;;0;;false
55710;3;55;18981;05/01/2026;;22:23.9;238;51;;;2;;;0;1;;70;50;54454;;0;false;;;;false;0;1;2850;;;;;;;;;;false;;;1;;;;;;;0;0;4;true;;;;;0;;;;;false;;;;0;;;;;;;0;;false
55711;3;140;18981;05/01/2026;;47:17.5;238;134;;;2;2;;0;1;;2;49;54458;;0;false;;;;false;0;1;2851;;;;;;;;;;false;2479;;1;;;;;;;0;0;4;true;;;;;0;;;;;false;;;;0;;;;;;;0;;false
55712;3;140;18981;05/01/2026;;51:26.1;238;134;;;5;2;;0;1;;2;49;54459;;0;false;;;;false;0;1;2852;;;;;;;;;;false;2479;;1;;;;;;;0;0;4;true;;;;;0;;;;;false;;;;0;;;;;;;0;;false
55713;3;140;18981;05/01/2026;;51:49.1;238;134;;;5;2;;0;1;;2;49;54457;;0;false;;;;false;0;1;2853;;;;;;;;;;false;2479;;1;;;;;;;0;0;4;true;;;;;0;;;;;false;;;;0;;;;;;;0;;false
55714;3;112;373;05/01/2026;;17:23.1;373;106;;;2;;;0;2;;70;63;54462;;0;false;;;;false;0;1;2854;;;;;;;;;;false;9574;;1;;;;;;;0;0;4;true;;;;;0;;;;;false;;;;0;;;;;;;0;;false
55715;5;6406;373;05/01/2026;;39:27.2;373;6172;;;2;3;;0;2;;2;50;54463;;0;false;;;;false;0;2;889;;;;;;;;;;false;12049;;1;;;;;;;0;0;4;true;;;;;0;;;;;false;;;;0;;;;;;;0;;false
55716;3;54;18981;05/01/2026;;43:20.4;238;50;;;2;;;0;1;;70;50;54455;;0;false;;;;false;0;1;2855;;;;;;;;;;false;;;1;;;;;;;0;0;4;true;;;;;0;;;;;false;;;;0;;;;;;;0;;false
55717;3;54;18981;05/01/2026;;48:34.5;238;50;;;2;;;0;1;;70;50;54456;;0;false;;;;false;0;1;2856;;;;;;;;;;false;;;1;;;;;;;0;0;4;true;;;;;0;;;;;false;;;;0;;;;;;;0;;false
55739;5;6307;373;05/01/2026;;11:07.6;373;6073;;ATENÇÃO - DATA DE VENCIMENTO DO BOLETO SEMPRE AS SEXTA-FEIRA;2;3;;0;1;;2;49;54484;;0;false;;;;false;0;2;890;;;;;;;;;;false;;;1;;;;;;;0;0;4;true;;;;;0;;;;;false;;;;0;;;;;;;0;;false
55772;5;24424;373;05/01/2026;;06:02.8;373;24025;;;2;3;;0;2;;2;55;54517;;0;false;;;;false;0;2;891;;;;;;;;;;false;;;1;;;;;;;0;0;4;true;;;;;0;;;;;false;;;;0;;;;;;;0;;false
55805;3;72;18981;05/01/2026;;25:27.0;238;68;;;2;;;0;1;;70;50;54550;;0;false;;;;false;0;1;2857;;;;;;;;;;false;18718;;1;;;;;;;0;0;4;true;;;;;0;;;;;false;;;;0;;;;;;;0;;false
55838;3;118;18981;05/01/2026;;58:36.6;238;112;;;2;;;0;1;;70;377;54460;;0;false;;;;false;0;1;2858;;;;;;;;;;false;;;1;;;;;;;0;0;4;true;;;;;0;;;;;false;;;;0;;;;;;;0;;false
55905;3;118;18981;06/01/2026;;09:05.6;238;112;;;2;;;0;1;;70;377;54460;;0;false;;;;false;0;1;2860;;;;;;;;;;false;;;1;;;;;;;0;0;4;true;;;;;0;;;;;false;;;;0;;;;;;;0;;false
55937;3;53;18981;06/01/2026;;21:23.0;238;49;;;2;;;0;1;;70;50;54620;;0;false;;;;false;0;1;2861;;;;;;;;;;false;;;1;;;;;;;0;0;4;true;;;;;0;;;;;false;;;;0;;;;;;;0;;false
55938;5;3568;373;06/01/2026;;30:57.7;373;3268;;;2;3;;0;2;;2;48;54649;;0;false;;;;false;0;2;893;;;;;;;;;;false;3569;;1;;;;;;;0;0;4;true;;;;;0;;;;;false;;;;0;;;;;;;0;;false
55939;3;111;18981;06/01/2026;;50:44.1;238;105;;;2;;;0;1;;70;63;54619;;0;false;;;;false;0;1;2862;;;;;;;;;;false;1853;;1;;;;;;;0;0;4;true;;;;;0;;;;;false;;;;0;;;;;;;0;;false
55871;5;61;373;06/01/2026;;35:22.0;373;57;;;2;;;0;2;;70;50;54583;;0;false;;;;false;0;2;892;;;;;;;;;;false;503;;1;;;;;;;0;0;4;true;;;;;0;;;;;false;;;;0;;;;;;;0;;false
55904;3;45;18981;06/01/2026;;38:50.9;238;41;;;2;2;;0;1;;2;54;54618;;0;false;;;;false;0;1;2859;;;;;;;;;;false;469;;1;;;;;;;0;0;4;true;;;;;0;;;;;false;;;;0;;;;;;;0;;false
55940;3;51;18981;06/01/2026;;01:18.1;238;47;;;2;;;0;1;;70;54;54621;;;false;;;;false;0;1;2863;;;;0;;;;;;false;;;1;;;;;;;0;0;4;true;;;;;0;;;;;false;;;;0;;;;;;;0;;false
55941;3;51;18981;06/01/2026;;06:12.3;238;47;;;2;;;0;1;;70;54;54621;;0;false;;;;false;0;1;2864;;;;;;;;;;false;;;1;;;;;;;0;0;4;true;;;;;0;;;;;false;;;;0;;;;;;;0;;false
55943;3;50;18981;06/01/2026;;38:43.3;238;46;;;2;;;0;1;;70;48;54617;;0;false;;;;false;0;1;2866;;;;;;;;;;false;500;;1;;;;;;;0;0;4;true;;;;;0;;;;;false;;;;0;;;;;;;0;;false
55942;3;50;18981;06/01/2026;;36:30.0;238;46;;;5;;;0;1;;70;48;54617;;;false;;;;false;0;1;2865;;;;0;;;;;;false;500;;1;;;;;;;0;0;4;true;;;;;0;;;;;false;;;;0;;;;;;;0;;false
55971;3;121;373;07/01/2026;;12:01.1;373;115;;;2;;;0;2;;70;50;54687;;0;false;;;;false;0;1;2868;;;;;;;;;;false;2714;;1;;;;;;;0;0;4;true;;;;;0;;;;;false;;;;0;;;;;;;0;;false
55972;3;49;18981;07/01/2026;;43:01.2;238;45;;;2;;;0;1;;70;48;54688;;0;false;;;;false;0;1;2869;;;;;;;;;;false;501;;1;;;;;;;0;0;4;true;;;;;0;;;;;false;;;;0;;;;;;;0;;false
55977;3;99;18981;07/01/2026;;11:58.2;238;93;;;2;;;0;1;;70;54;54682;;0;false;;;;false;0;1;2873;;;;;;;;;;false;;;1;;;;;;;0;0;4;true;;;;;0;;;;;false;;;;0;;;;;;;0;;false
55970;3;90;18981;07/01/2026;;17:09.4;238;86;;;2;2;;0;1;;2;48;54686;;0;false;;;;false;0;1;2867;;;;;;;;;;false;;;1;;;;;;;0;0;4;true;;;;;0;;;;;false;;;;0;;;;;;;0;;false
55973;3;51;18981;07/01/2026;;14:39.8;238;47;;;2;;;0;1;;70;54;54685;;0;false;;;;false;0;1;2870;;;;;;;;;;false;;;1;;;;;;;0;0;4;true;;;;;0;;;;;false;;;;0;;;;;;;0;;false
55980;3;108;18981;07/01/2026;;40:48.7;238;102;;;2;;;0;1;;70;50;54684;;0;false;;;;false;0;1;2874;;;;;;;;;;false;;;1;;;;;;;0;0;4;true;;;;;0;;;;;false;;;;0;;;;;;;0;;false
55974;5;15119;373;07/01/2026;;49:32.8;373;14859;;;2;3;;0;2;;2;49;54689;;0;false;;;;false;0;2;894;;;;;;;;;;false;;;1;;;;;;;0;0;4;true;;;;;0;;;;;false;;;;0;;;;;;;0;;false
55978;5;131;373;07/01/2026;;31:29.4;373;125;;;2;;;0;2;;70;69;54690;;0;false;;;;false;0;2;895;;;;;;;;;;false;17362;;1;;;;;;;0;0;4;true;;;;;0;;;;;false;;;;0;;;;;;;0;;false
55975;3;98;18981;07/01/2026;;03:03.8;238;92;;;2;;;0;1;;70;54;54683;;;false;;;;false;0;1;2871;;;;0;;;;;;false;;;1;;;;;;;0;0;4;true;;;;;0;;;;;false;;;;0;;;;;;;0;;false
55976;3;98;18981;07/01/2026;;08:12.9;238;92;;;2;;;0;1;;70;54;54683;;;false;;;;false;0;1;2872;;;;0;;;;;;false;;;1;;;;;;;0;0;4;true;;;;;0;;;;;false;;;;0;;;;;;;0;;false
55979;5;77;373;07/01/2026;;38:56.5;373;73;;"USAR PRAZO DE PAGAMENTO
 60 DIAS"" NAS COMPRAS ATÉ R$: 1.000,00.  ";;;;;;;;;;;;;;;;;;;;;;;;;;;;;;;;;;;;;;;;;;;;;;;;;;;;;;;;;;;;;;;;;
"''53, 60 e 67'' NAS COMPRAS A CIMA DE  R$: 1.000,00.""";2;3;;0;2;;2;80;54691;;0;false;;;;false;0;2;896;;;;;;;;;;false;410;;1;;;;;;;0;0;4;true;;;;;0;;;;;false;;;;0;;;;;;;0;;false;;;;;;;;;;
55981;3;98;18981;07/01/2026;;34:21.4;238;92;;;2;;;0;1;;70;54;54683;;;false;;;;false;0;1;2875;;;;0;;;;;;false;;;1;;;;;;;0;0;4;true;;;;;0;;;;;false;;;;0;;;;;;;0;;false
55982;3;98;18981;07/01/2026;;38:23.1;238;92;;;2;;;0;1;;70;54;54683;;0;false;;;;false;0;1;2876;;;;;;;;;;false;;;1;;;;;;;0;0;4;true;;;;;0;;;;;false;;;;0;;;;;;;0;;false
55983;5;3568;373;07/01/2026;;22:52.4;373;3268;;;2;3;;0;1;;2;48;54692;;0;false;;;;false;0;2;897;;;;;;;;;;false;3569;;1;;;;;;;0;0;4;true;;;;;0;;;;;false;;;;0;;;;;;;0;;false
56037;3;62;18981;08/01/2026;;33:40.3;238;58;;;2;;;0;1;;70;54;54718;;0;false;;;;false;0;1;2879;;;;;;;;;;false;;;1;;;;;;;0;0;4;true;;;;;0;;;;;false;;;;0;;;;;;;0;;false
56003;3;51;18981;08/01/2026;;18:26.7;238;47;;;5;;;0;1;;70;54;54621;;0;false;;;;false;0;1;2877;;;;;;;;;;false;;;1;;;;;;;0;0;4;true;;;;;0;;;;;false;;;;0;;;;;;;0;;false
56036;3;113;18981;08/01/2026;;44:02.9;238;107;;;2;;;0;1;;70;63;54716;;0;false;;;;false;0;1;2878;;;;;;;;;;false;2909;;1;;;;;;;0;0;4;true;;;;;0;;;;;false;;;;0;;;;;;;0;;false
56038;3;48;18981;08/01/2026;;58:32.0;238;44;;;5;;;0;1;;70;69;54722;;0;false;;;;false;0;1;2880;;;;;;;;;;false;;;1;;;;;;;0;0;4;true;;;;;0;;;;;false;;;;0;;;;;;;0;;false
56039;3;62;18981;08/01/2026;;34:27.1;238;58;;;2;;;0;1;;70;54;54717;;0;false;;;;false;0;1;2881;;;;;;;;;;false;;;1;;;;;;;0;0;4;true;;;;;0;;;;;false;;;;0;;;;;;;0;;false
56040;3;132;18981;08/01/2026;;13:22.9;238;126;;;2;2;;0;1;;2;49;54715;;0;false;;;;false;0;1;2882;;;;;;;;;;false;;;1;;;;;;;0;0;4;true;;;;;0;;;;;false;;;;0;;;;;;;0;;false
56041;3;125;18981;08/01/2026;;50:09.8;238;119;;;2;;;0;1;;70;55;54719;;0;false;;;;false;0;1;2883;;;;;;;;;;false;;;1;;;;;;;0;0;4;true;;;;;0;;;;;false;;;;0;;;;;;;0;;false
56042;3;125;18981;08/01/2026;;08:12.2;238;119;;;2;;;0;1;;70;55;54720;;0;false;;;;false;0;1;2884;;;;;;;;;;false;;;1;;;;;;;0;0;4;true;;;;;0;;;;;false;;;;0;;;;;;;0;;false
56069;3;122;18981;09/01/2026;;10:09.8;238;116;;;2;;;0;1;;70;55;54721;;;false;;;;false;0;1;2884;;;;0;;;;;;false;;;1;;;;;;;0;0;4;true;;;;;0;;;;;false;;;;0;;;;;;;0;;false
56070;3;122;18981;09/01/2026;;14:10.8;238;116;;;2;;;0;1;;70;55;54721;;0;false;;;;false;0;1;2885;;;;;;;;;;false;;;1;;;;;;;0;0;4;true;;;;;0;;;;;false;;;;0;;;;;;;0;;false
56102;5;131;373;09/01/2026;;05:22.9;373;125;;;2;;;0;2;;70;69;54751;;0;false;;;;false;0;2;898;;;;;;;;;;false;17362;;1;;;;;;;0;0;4;true;;;;;0;;;;;false;;;;0;;;;;;;0;;false
56135;3;90;18981;09/01/2026;;20:53.2;238;86;;;2;2;;0;1;;2;57;54750;;0;false;;;;false;0;1;2886;;;;;;;;;;false;;;1;;;;;;;0;0;4;true;;;;;0;;;;;false;;;;0;;;;;;;0;;false
56136;3;111;18981;09/01/2026;;23:04.1;238;105;;;2;;;0;1;;70;63;54748;;0;false;;;;false;0;1;2887;;;;;;;;;;false;1853;;1;;;;;;;0;0;4;true;;;;;0;;;;;false;;;;0;;;;;;;0;;false
56137;3;73;18981;09/01/2026;;23:55.1;238;69;;;2;;;0;1;;70;49;54752;;0;false;;;;false;0;1;2888;;;;;;;;;;false;;;1;;;;;;;0;0;4;true;;;;;0;;;;;false;;;;0;;;;;;;0;;false
56138;3;63;18981;09/01/2026;;37:30.3;238;59;;;2;;;0;1;;70;48;54749;;0;false;;;;false;0;1;2889;;;;;;;;;;false;506;;1;;;;;;;0;0;4;true;;;;;0;;;;;false;;;;0;;;;;;;0;;false
56168;5;2116;373;10/01/2026;;58:13.9;373;;;;2;3;;0;1;;2;49;54753;;0;false;;;;false;0;2;899;;;;;;;;;;false;2117;;1;;;;;;;0;0;4;true;;;;;0;;;;;false;;;;0;;;;;;;0;;false
56169;5;74;373;10/01/2026;;05:25.8;373;70;;;2;3;;0;1;;2;49;54754;;0;false;;;;false;0;2;900;;;;;;;;;;false;570;;1;;;;;;;0;0;4;true;;;;;0;;;;;false;;;;0;;;;;;;0;;false
56170;5;3568;373;10/01/2026;;14:29.1;373;3268;;;2;3;;0;2;;2;48;54755;;0;false;;;;false;0;2;901;;;;;;;;;;false;3569;;1;;;;;;;0;0;4;true;;;;;0;;;;;false;;;;0;;;;;;;0;;false
56171;3;41;373;10/01/2026;;24:02.5;373;38;;;2;2;;0;1;;2;70;54756;;0;false;;;;false;0;1;2890;;;;;;;;;;false;466;;1;;;;;;;0;0;4;true;;;;;0;;;;;false;;;;0;;;;;;;0;;false
56201;5;131;373;10/01/2026;;29:09.3;373;125;;;2;;;0;2;;70;69;54781;;0;false;;;;false;0;2;902;;;;;;;;;;false;17362;;1;;;;;;;0;0;4;true;;;;;0;;;;;false;;;;0;;;;;;;0;;false
56234;5;6307;373;10/01/2026;;13:18.6;373;6073;;ATENÇÃO - DATA DE VENCIMENTO DO BOLETO SEMPRE AS SEXTA-FEIRA;2;3;;0;1;;2;49;54757;;0;false;;;;false;0;2;903;;;;;;;;;;false;;;1;;;;;;;0;0;4;true;;;;;0;;;;;false;;;;0;;;;;;;0;;false
56301;3;9112;18981;12/01/2026;;50:50.9;238;;;;2;;;0;1;;70;50;54847;;0;false;;;;false;0;1;2892;;;;;;;;;;false;;;1;;;;;;;0;0;4;true;;;;;0;;;;;false;;;;0;;;;;;;0;;false
56267;5;77;373;12/01/2026;;21:58.2;373;73;;"USAR PRAZO DE PAGAMENTO
 60 DIAS"" NAS COMPRAS ATÉ R$: 1.000,00.  ";;;;;;;;;;;;;;;;;;;;;;;;;;;;;;;;;;;;;;;;;;;;;;;;;;;;;;;;;;;;;;;;;
"''53, 60 e 67'' NAS COMPRAS A CIMA DE  R$: 1.000,00.""";2;3;;0;1;;2;80;54814;;0;false;;;;false;0;2;904;;;;;;;;;;false;410;;1;;;;;;;0;0;4;true;;;;;0;;;;;false;;;;0;;;;;;;0;;false;;;;;;;;;;
56300;3;127;18981;12/01/2026;;24:41.1;238;121;;;2;2;;0;1;;2;49;54815;;0;false;;;;false;0;1;2891;;;;;;;;;;false;;;1;;;;;;;0;0;4;true;;;;;0;;;;;false;;;;0;;;;;;;0;;false
56370;3;55;18981;12/01/2026;;02:34.1;238;51;;;2;;;0;1;;70;50;54854;;0;false;;;;false;0;1;2897;;;;;;;;;;false;;;1;;;;;;;0;0;4;true;;;;;0;;;;;false;;;;0;;;;;;;0;;false
56302;3;67;18981;12/01/2026;;24:17.8;238;63;;;2;2;;0;1;;2;49;54848;;0;false;;;;false;0;1;2893;;;;;;;;;;false;;;1;;;;;;;0;0;4;true;;;;;0;;;;;false;;;;0;;;;;;;0;;false
56303;5;140;373;12/01/2026;;52:59.6;373;134;;;2;3;;0;1;;2;49;54856;;0;false;;;;false;0;2;905;;;;;;;;;;false;2479;;1;;;;;;;0;0;4;true;;;;;0;;;;;false;;;;0;;;;;;;0;;false
56333;3;136;18981;12/01/2026;;48:26.0;238;130;;;2;2;;0;1;;2;56;54850;;0;false;;;;false;0;1;2894;;;;;;;;;;false;2908;;1;;;;;;;0;0;4;true;;;;;0;;;;;false;;;;0;;;;;;;0;;false
56367;5;61;373;12/01/2026;;38:13.6;373;57;;;5;;;0;2;;70;50;54880;;0;false;;;;false;0;2;907;;;;;;;;;;false;503;;1;;;;;;;0;0;4;true;;;;;0;;;;;false;;;;0;;;;;;;0;;false
56366;5;61;373;12/01/2026;;36:02.6;373;57;;;2;;;0;2;;70;50;54881;;0;false;;;;false;0;2;906;;;;;;;;;;false;503;;1;;;;;;;0;0;4;true;;;;;0;;;;;false;;;;0;;;;;;;0;;false
56368;3;54;18981;12/01/2026;;45:11.6;238;50;;;2;;;0;1;;70;50;54852;;0;false;;;;false;0;1;2895;;;;;;;;;;false;;;1;;;;;;;0;0;4;true;;;;;0;;;;;false;;;;0;;;;;;;0;;false
56369;3;55;18981;12/01/2026;;00:33.3;238;51;;;2;;;0;1;;70;50;54853;;0;false;;;;false;0;1;2896;;;;;;;;;;false;;;1;;;;;;;0;0;4;true;;;;;0;;;;;false;;;;0;;;;;;;0;;false
